Filename,Run Count,Last Run Date
"C:\Program Files\Oracle\VirtualBox\VirtualBox.exe",4,130979256533657846
"C:\Program Files\Git\usr\share\cygwin",2,130983594326373585
"C:\Users\Hyundong\AppData\Roaming\Microsoft\Windows\Start Menu\Programs\Windows 10 IoT Core\Windows 10 IoT Core Dashboard.appref-ms",2,130978567173575706
"C:\Program Files\Git\usr\bin\cygwin-console-helper.exe",1,130983594243144853
"C:\Users\Hyundong\AppData\Local\Apps\2.0\JWYY18W0.V8N\3CCEERW8.2ET\wind..tion_c3bce3770c238a49_0001.0000_f5bcea03fb7c3760\Windows10IoTCoreDashboard.exe",1,130978566982003005
"C:\Windows\System32\WindowsPowerShell\v1.0\en-US\about_PowerShell_Ise.exe.help.txt",1,130968146357940576
"C:\Program Files (x86)\Microsoft Visual Studio 14.0\Common7\Tools\spyxx.exe",1,130964515774541256
"C:\Windows\Microsoft.NET\Framework64\v2.0.50727\Aspnet_regsql.exe.config",1,130964466551779805
"C:\Windows\Microsoft.NET\Framework64\v4.0.30319\UninstallSqlState.sql",1,130964323197340548
"C:\Users\Hyundong\AppData\Local\Microsoft\Silverlight\OutOfBrowser\1531860648.kalbumdownloader2.azurewebsites.net\application.xap",1,130943020991245933
"C:\Users\Hyundong\AppData\Local\Microsoft\Windows\INetCache\IE\B56O18AK\KalbumDownloader[1].xap",1,130943020555981588
"C:\Users\Hyundong\AppData\Local\Apps\2.0\JWYY18W0.V8N\3CCEERW8.2ET\mark...app_0000000000000000_0000.000a_4fe90f97b0816791\MarkPad.exe",1,130939609231829570
